og430;og415
og430;og424
og430;og265
og430;og316
og430;og394
og431;og345
og431;og367
og431;og368
og431;og316
og431;og394
og431;og415
og432;og220
og432;og234
og432;og236
og433;og266
og434;og237
og434;og242
og434;og385
og434;og389
og434;og413
og435;og281
og436;og221
og436;og225
og436;og241
og436;og254
og436;og260
og436;og278
og436;og285
og436;og291
og436;og295
og436;og301
og436;og303
og436;og307
og436;og319
og436;og324
og436;og328
og436;og329
og436;og357
og436;og359
og436;og377
og436;og414
og436;og416
og436;og418
og436;og424
og437;og260
og438;og393
og439;og229
og439;og231
og439;og264
og439;og310
og439;og351
og439;og376
og439;og387
og440;og376
og440;og351
og440;og387
og440;og389
og440;og413
og441;og335
og442;og300
og442;og242
og442;og385
og442;og389
og442;og413
og443;og259
og443;og287
og443;og348
og443;og379
og444;og226
og444;og252
og444;og255
og444;og302
og444;og411
og444;og339
og445;og230
og445;og257
og445;og274
og445;og277
og445;og280
og445;og313
og445;og325
og445;og331
og445;og336
og445;og337
og445;og358
og445;og362
og445;og364
og445;og369
og445;og378
og445;og381
og445;og383
og445;og399
og445;og402
og445;og403
og445;og425
og446;og294
og447;og374
og447;og382
og447;og423
og447;og263
og448;og227
og449;og224
og449;og258
og449;og305
og449;og308
og449;og398
og449;og334
og488;og245
og450;og232
og450;og297
og450;og396
og450;og400
og450;og417
og451;og392
og451;og419
og452;og218
og452;og276
og452;og286
og452;og349
og452;og366
og452;og391
og452;og412
og452;og427
og453;og243
og453;og248
og453;og261
og453;og223
og453;og314
og453;og363
og453;og355
og453;og401
og453;og421
og453;og315
og454;og306
og454;og322
og454;og343
og455;og239
og455;og250
og455;og267
og455;og290
og455;og395
og456;og340
og457;og327
og457;og407
og458;og256
og458;og284
og458;og309
og458;og360
og458;og408
og458;og409
og458;og410
og459;og405
